{
  "parameters": {
    "eps": 0.1,
    "L_pert": 1.5,
    "L_stage": 2.5,
    "A": 0.1193662073189215,
    "freq": 2,
    "Ks": [
      1,
      2,
      3,
      4,
      5
    ],
    "ms": [
      200,
      500,
      1000,
      2000,
      5000,
      10000,
      20000,
      50000
    ],
    "n_reps": 200,
    "n_huge": 500000,
    "phases": [
      4.3760449538518165,
      1.7978664651663625,
      1.4253497199469332,
      3.4640128567327286,
      4.520556859928283
    ],
    "delta_target": 0.005
  },
  "per_K_results": {
    "1": {
      "L_sys_theory": 2.5,
      "L_sys_empirical": 2.4999999988962105,
      "ece_true": 0.07090512318136491,
      "errors": [
        0.02196644960599732,
        0.013001780013485531,
        0.01067400806651631,
        0.006340502779153492,
        0.004298350820193286,
        0.0029853395145912564,
        0.001893180513735558,
        0.0011011316183948425
      ],
      "slope": -0.5643350753310791
    },
    "2": {
      "L_sys_theory": 6.25,
      "L_sys_empirical": 4.471761755147832,
      "ece_true": 0.0769001025847508,
      "errors": [
        0.019813739310278203,
        0.013116788108945303,
        0.010439039092017932,
        0.007023973157921642,
        0.0046665817393147365,
        0.0033089231575749345,
        0.00203812045401253,
        0.0011842140896241434
      ],
      "slope": -0.5495873749708545
    },
    "3": {
      "L_sys_theory": 15.625,
      "L_sys_empirical": 9.35713097284678,
      "ece_true": 0.07285103395255448,
      "errors": [
        0.024483666558611797,
        0.01760603461740459,
        0.013360104240463022,
        0.009925832808761371,
        0.006417450865041439,
        0.004701999997073477,
        0.00293346600731071,
        0.001939181503400486
      ],
      "slope": -0.5008935256498043
    },
    "4": {
      "L_sys_theory": 39.0625,
      "L_sys_empirical": 21.516539144798127,
      "ece_true": 0.06293193184561384,
      "errors": [
        0.03458190632388976,
        0.023104629430933325,
        0.01542923449251375,
        0.011050094329790592,
        0.007112365322090277,
        0.005092177350569457,
        0.003388606099352959,
        0.0019922469473252127
      ],
      "slope": -0.5198223960350513
    },
    "5": {
      "L_sys_theory": 97.65625,
      "L_sys_empirical": 45.106856733813075,
      "ece_true": 0.0793216239400766,
      "errors": [
        0.07597326845631727,
        0.050793574327742716,
        0.037404722577164526,
        0.026718903471682164,
        0.01593938072842907,
        0.010428132414568268,
        0.007092075150638311,
        0.003945194089149128
      ],
      "slope": -0.5765239966021648
    }
  },
  "cost_vs_K": {
    "1": {
      "m_required": 3500.900015744988,
      "m_theory": 1999999.9991169681,
      "method": "interpolated"
    },
    "2": {
      "m_required": 4283.601274698794,
      "m_theory": 3577409.404118265,
      "method": "interpolated"
    },
    "3": {
      "m_required": 8720.197262372008,
      "m_theory": 7485704.778277423,
      "method": "interpolated"
    },
    "4": {
      "m_required": 10315.772907603763,
      "m_theory": 17213231.3158385,
      "method": "interpolated"
    },
    "5": {
      "m_required": 34530.347276828856,
      "m_theory": 36085485.38705046,
      "method": "interpolated"
    }
  },
  "exponential_fit": {
    "empirical": {
      "slope": 0.5456516970659305,
      "base": 1.7257326709070864
    },
    "theoretical_m": {
      "slope": 0.7356526517364301,
      "base": 2.086843530205373
    },
    "reference": {
      "slope_log_L": 0.9162907318741551,
      "L_stage": 2.5
    }
  }
}